timeStamp,elapsed,label,responseCode,responseMessage,threadName,dataType,success,failureMessage,bytes,sentBytes,grpThreads,allThreads,Latency,IdleTime,Connect
1542376302505,72,[/service/] GetCapabilities KVP 1.3.0,200,OK,Test 1-1,text,true,,4945,179,1,1,72,0,2
1542376302657,3040,[/service/] GetMap EPSG:3857 Zoom 0 Image/Format PNG,200,OK,Test 1-1,bin,true,,23637,339,1,1,3030,0,1
1542376305709,2417,[/service/] GetMap EPSG:3857 Zoom 1 Image/Format PNG,200,OK,Test 1-1,bin,true,,82396,340,1,1,2392,0,2
1542376308139,1345,[/service/] GetMap EPSG:3857 Zoom 2 Image/Format PNG,200,OK,Test 1-1,bin,true,,99134,339,1,1,1329,0,1
1542376309495,924,[/service/] GetMap EPSG:3857 Zoom 3 Image/Format PNG,200,OK,Test 1-1,bin,true,,75604,338,1,1,897,0,1
1542376310431,563,[/service/] GetMap EPSG:3857 Zoom 4 Image/Format PNG,200,OK,Test 1-1,bin,true,,42325,339,1,1,552,0,1
1542376311006,281,[/service/] GetMap EPSG:3857 Zoom 5 Image/Format PNG,200,OK,Test 1-1,bin,true,,26901,339,1,1,272,0,2
1542376311301,279,[/service/] GetMap EPSG:3857 Zoom 6 Image/Format PNG,200,OK,Test 1-1,bin,true,,14409,340,1,1,279,0,2
1542376311592,310,[/service/] GetMap EPSG:3857 Zoom 7 Image/Format PNG,200,OK,Test 1-1,bin,true,,8773,342,1,1,300,0,2
1542376311915,257,[/service/] GetMap EPSG:3857 Zoom 8 Image/Format PNG,200,OK,Test 1-1,bin,true,,3891,338,1,1,249,0,2
1542376312187,269,[/service/] GetMap EPSG:3857 Zoom 9 Image/Format PNG,200,OK,Test 1-1,bin,true,,4531,334,1,1,269,0,2
1542376312471,231,[/service/] GetMap EPSG:3857 Zoom 10 Image/Format PNG,200,OK,Test 1-1,bin,true,,4433,340,1,1,224,0,1
1542376312715,214,[/service/] GetMap EPSG:3857 Zoom 11 Image/Format PNG,200,OK,Test 1-1,bin,true,,1305,340,1,1,213,0,2
1542376312941,183,[/service/] GetMap EPSG:3857 Zoom 12 Image/Format PNG,200,OK,Test 1-1,bin,true,,1305,340,1,1,182,0,1
1542376313136,408,[/service/] GetMap EPSG:3857 Zoom 13 Image/Format PNG,200,OK,Test 1-1,bin,true,,1305,339,1,1,407,0,1
1542376313555,299,[/service/] GetMap EPSG:3857 Zoom 14 Image/Format PNG,200,OK,Test 1-1,bin,true,,1305,338,1,1,299,0,1
1542376313866,725,[/service/] GetMap EPSG:3857 Zoom 0 Image/Format JPG,200,OK,Test 1-1,bin,true,,38032,342,1,1,713,0,2
1542376314604,777,[/service/] GetMap EPSG:3857 Zoom 1 Image/Format JPG,200,OK,Test 1-1,bin,true,,117792,340,1,1,760,0,2
1542376315395,958,[/service/] GetMap EPSG:3857 Zoom 2 Image/Format JPG,200,OK,Test 1-1,bin,true,,160211,340,1,1,937,0,1
1542376316365,590,[/service/] GetMap EPSG:3857 Zoom 3 Image/Format JPG,200,OK,Test 1-1,bin,true,,142801,339,1,1,574,0,1
1542376316967,576,[/service/] GetMap EPSG:3857 Zoom 4 Image/Format JPG,200,OK,Test 1-1,bin,true,,91005,339,1,1,555,0,2
1542376317555,390,[/service/] GetMap EPSG:3857 Zoom 5 Image/Format JPG,200,OK,Test 1-1,bin,true,,67091,338,1,1,378,0,1
1542376317959,527,[/service/] GetMap EPSG:3857 Zoom 6 Image/Format JPG,200,OK,Test 1-1,bin,true,,34658,339,1,1,516,0,1
1542376318499,305,[/service/] GetMap EPSG:3857 Zoom 7 Image/Format JPG,200,OK,Test 1-1,bin,true,,20217,341,1,1,297,0,1
1542376318819,257,[/service/] GetMap EPSG:3857 Zoom 8 Image/Format JPG,200,OK,Test 1-1,bin,true,,7969,339,1,1,250,0,1
1542376319087,224,[/service/] GetMap EPSG:3857 Zoom 9 Image/Format JPG,200,OK,Test 1-1,bin,true,,12482,339,1,1,217,0,2
1542376319325,240,[/service/] GetMap EPSG:3857 Zoom 10 Image/Format JPG,200,OK,Test 1-1,bin,true,,6299,343,1,1,240,0,2
1542376319576,183,[/service/] GetMap EPSG:3857 Zoom 11 Image/Format JPG,200,OK,Test 1-1,bin,true,,4915,343,1,1,182,0,1
1542376319778,287,[/service/] GetMap EPSG:3857 Zoom 12 Image/Format JPG,200,OK,Test 1-1,bin,true,,8473,340,1,1,279,0,2
1542376320086,206,[/service/] GetMap EPSG:3857 Zoom 13 Image/Format JPG,200,OK,Test 1-1,bin,true,,4915,338,1,1,204,0,1
1542376320303,166,[/service/] GetMap EPSG:3857 Zoom 14 Image/Format JPG,200,OK,Test 1-1,bin,true,,4915,341,1,1,164,0,2
1542376320471,39,[/service/] GetCapabilities KVP 1.3.0,200,OK,Test 1-1,text,true,,4945,179,1,1,39,0,2
1542376320569,758,[/service/] GetMap EPSG:3857 Zoom 0 Image/Format PNG,200,OK,Test 1-1,bin,true,,23653,340,1,1,747,0,1
1542376321344,751,[/service/] GetMap EPSG:3857 Zoom 1 Image/Format PNG,200,OK,Test 1-1,bin,true,,82514,337,1,1,737,0,1
1542376322109,1588,[/service/] GetMap EPSG:3857 Zoom 2 Image/Format PNG,200,OK,Test 1-1,bin,true,,98300,339,1,1,1573,0,1
1542376323708,1004,[/service/] GetMap EPSG:3857 Zoom 3 Image/Format PNG,200,OK,Test 1-1,bin,true,,75692,339,1,1,991,0,2
1542376324725,442,[/service/] GetMap EPSG:3857 Zoom 4 Image/Format PNG,200,OK,Test 1-1,bin,true,,53371,339,1,1,428,0,2
1542376325178,376,[/service/] GetMap EPSG:3857 Zoom 5 Image/Format PNG,200,OK,Test 1-1,bin,true,,20691,340,1,1,365,0,1
1542376325567,327,[/service/] GetMap EPSG:3857 Zoom 6 Image/Format PNG,200,OK,Test 1-1,bin,true,,14169,340,1,1,318,0,1
1542376325904,227,[/service/] GetMap EPSG:3857 Zoom 7 Image/Format PNG,200,OK,Test 1-1,bin,true,,8479,340,1,1,220,0,2
1542376326143,260,[/service/] GetMap EPSG:3857 Zoom 8 Image/Format PNG,200,OK,Test 1-1,bin,true,,4930,339,1,1,260,0,1
1542376326413,315,[/service/] GetMap EPSG:3857 Zoom 9 Image/Format PNG,200,OK,Test 1-1,bin,true,,8106,338,1,1,314,0,1
1542376326738,275,[/service/] GetMap EPSG:3857 Zoom 10 Image/Format PNG,200,OK,Test 1-1,bin,true,,3611,338,1,1,275,0,1
1542376327023,211,[/service/] GetMap EPSG:3857 Zoom 11 Image/Format PNG,200,OK,Test 1-1,bin,true,,2473,340,1,1,211,0,2
1542376327244,274,[/service/] GetMap EPSG:3857 Zoom 12 Image/Format PNG,200,OK,Test 1-1,bin,true,,1305,337,1,1,274,0,1
1542376327529,249,[/service/] GetMap EPSG:3857 Zoom 13 Image/Format PNG,200,OK,Test 1-1,bin,true,,1305,338,1,1,248,0,2
1542376327788,207,[/service/] GetMap EPSG:3857 Zoom 14 Image/Format PNG,200,OK,Test 1-1,bin,true,,1305,340,1,1,207,0,1
1542376328006,662,[/service/] GetMap EPSG:3857 Zoom 0 Image/Format JPG,200,OK,Test 1-1,bin,true,,37410,340,1,1,637,0,1
1542376328679,747,[/service/] GetMap EPSG:3857 Zoom 1 Image/Format JPG,200,OK,Test 1-1,bin,true,,111715,340,1,1,747,0,2
1542376329438,1328,[/service/] GetMap EPSG:3857 Zoom 2 Image/Format JPG,200,OK,Test 1-1,bin,true,,158542,340,1,1,1311,0,1
1542376330777,972,[/service/] GetMap EPSG:3857 Zoom 3 Image/Format JPG,200,OK,Test 1-1,bin,true,,142801,340,1,1,953,0,1
1542376331760,451,[/service/] GetMap EPSG:3857 Zoom 4 Image/Format JPG,200,OK,Test 1-1,bin,true,,117634,340,1,1,435,0,2
1542376332222,397,[/service/] GetMap EPSG:3857 Zoom 5 Image/Format JPG,200,OK,Test 1-1,bin,true,,54091,339,1,1,385,0,1
1542376332634,240,[/service/] GetMap EPSG:3857 Zoom 6 Image/Format JPG,200,OK,Test 1-1,bin,true,,35397,338,1,1,240,0,1
1542376332887,268,[/service/] GetMap EPSG:3857 Zoom 7 Image/Format JPG,200,OK,Test 1-1,bin,true,,21433,341,1,1,260,0,2
1542376333166,240,[/service/] GetMap EPSG:3857 Zoom 8 Image/Format JPG,200,OK,Test 1-1,bin,true,,11676,341,1,1,223,0,1
1542376333417,300,[/service/] GetMap EPSG:3857 Zoom 9 Image/Format JPG,200,OK,Test 1-1,bin,true,,9336,339,1,1,294,0,1
1542376333729,279,[/service/] GetMap EPSG:3857 Zoom 10 Image/Format JPG,200,OK,Test 1-1,bin,true,,4915,339,1,1,279,0,2
1542376334018,171,[/service/] GetMap EPSG:3857 Zoom 11 Image/Format JPG,200,OK,Test 1-1,bin,true,,4915,341,1,1,171,0,1
1542376334199,167,[/service/] GetMap EPSG:3857 Zoom 12 Image/Format JPG,200,OK,Test 1-1,bin,true,,4915,340,1,1,165,0,1
1542376334377,234,[/service/] GetMap EPSG:3857 Zoom 13 Image/Format JPG,200,OK,Test 1-1,bin,true,,4915,341,1,1,232,0,1
1542376334622,219,[/service/] GetMap EPSG:3857 Zoom 14 Image/Format JPG,200,OK,Test 1-1,bin,true,,4915,341,1,1,219,0,2
1542376334842,40,[/service/] GetCapabilities KVP 1.3.0,200,OK,Test 1-1,text,true,,4945,179,1,1,38,0,2
1542376334930,674,[/service/] GetMap EPSG:3857 Zoom 0 Image/Format PNG,200,OK,Test 1-1,bin,true,,23706,341,1,1,665,0,2
1542376335614,525,[/service/] GetMap EPSG:3857 Zoom 1 Image/Format PNG,200,OK,Test 1-1,bin,true,,75068,337,1,1,510,0,1
1542376336150,1329,[/service/] GetMap EPSG:3857 Zoom 2 Image/Format PNG,200,OK,Test 1-1,bin,true,,98920,339,1,1,1315,0,1
1542376337489,874,[/service/] GetMap EPSG:3857 Zoom 3 Image/Format PNG,200,OK,Test 1-1,bin,true,,75183,337,1,1,859,0,2
1542376338373,498,[/service/] GetMap EPSG:3857 Zoom 4 Image/Format PNG,200,OK,Test 1-1,bin,true,,42415,338,1,1,488,0,2
1542376338882,359,[/service/] GetMap EPSG:3857 Zoom 5 Image/Format PNG,200,OK,Test 1-1,bin,true,,25813,342,1,1,350,0,1
1542376339251,316,[/service/] GetMap EPSG:3857 Zoom 6 Image/Format PNG,200,OK,Test 1-1,bin,true,,15911,340,1,1,309,0,1
1542376339578,223,[/service/] GetMap EPSG:3857 Zoom 7 Image/Format PNG,200,OK,Test 1-1,bin,true,,7262,338,1,1,216,0,1
1542376339811,236,[/service/] GetMap EPSG:3857 Zoom 8 Image/Format PNG,200,OK,Test 1-1,bin,true,,3548,336,1,1,236,0,1
1542376340059,238,[/service/] GetMap EPSG:3857 Zoom 9 Image/Format PNG,200,OK,Test 1-1,bin,true,,4598,340,1,1,238,0,1
1542376340307,257,[/service/] GetMap EPSG:3857 Zoom 10 Image/Format PNG,200,OK,Test 1-1,bin,true,,3236,340,1,1,251,0,1
1542376340574,237,[/service/] GetMap EPSG:3857 Zoom 11 Image/Format PNG,200,OK,Test 1-1,bin,true,,1305,340,1,1,237,0,1
1542376340821,238,[/service/] GetMap EPSG:3857 Zoom 12 Image/Format PNG,200,OK,Test 1-1,bin,true,,2282,338,1,1,237,0,2
1542376341068,154,[/service/] GetMap EPSG:3857 Zoom 13 Image/Format PNG,200,OK,Test 1-1,bin,true,,1305,338,1,1,154,0,2
1542376341232,212,[/service/] GetMap EPSG:3857 Zoom 14 Image/Format PNG,200,OK,Test 1-1,bin,true,,1305,337,1,1,212,0,1
1542376341455,660,[/service/] GetMap EPSG:3857 Zoom 0 Image/Format JPG,200,OK,Test 1-1,bin,true,,38437,340,1,1,649,0,1
1542376342126,749,[/service/] GetMap EPSG:3857 Zoom 1 Image/Format JPG,200,OK,Test 1-1,bin,true,,117540,340,1,1,730,0,2
1542376342886,1253,[/service/] GetMap EPSG:3857 Zoom 2 Image/Format JPG,200,OK,Test 1-1,bin,true,,157139,338,1,1,1233,0,1
1542376344149,617,[/service/] GetMap EPSG:3857 Zoom 3 Image/Format JPG,200,OK,Test 1-1,bin,true,,145918,338,1,1,599,0,1
1542376344777,514,[/service/] GetMap EPSG:3857 Zoom 4 Image/Format JPG,200,OK,Test 1-1,bin,true,,98665,339,1,1,499,0,1
1542376345301,386,[/service/] GetMap EPSG:3857 Zoom 5 Image/Format JPG,200,OK,Test 1-1,bin,true,,57942,339,1,1,374,0,1
1542376345697,388,[/service/] GetMap EPSG:3857 Zoom 6 Image/Format JPG,200,OK,Test 1-1,bin,true,,34917,341,1,1,379,0,1
1542376346097,282,[/service/] GetMap EPSG:3857 Zoom 7 Image/Format JPG,200,OK,Test 1-1,bin,true,,17363,339,1,1,272,0,1
1542376346390,229,[/service/] GetMap EPSG:3857 Zoom 8 Image/Format JPG,200,OK,Test 1-1,bin,true,,11548,341,1,1,220,0,1
1542376346630,277,[/service/] GetMap EPSG:3857 Zoom 9 Image/Format JPG,200,OK,Test 1-1,bin,true,,13530,337,1,1,277,0,2
1542376346917,223,[/service/] GetMap EPSG:3857 Zoom 10 Image/Format JPG,200,OK,Test 1-1,bin,true,,4915,339,1,1,223,0,2
1542376347155,255,[/service/] GetMap EPSG:3857 Zoom 11 Image/Format JPG,200,OK,Test 1-1,bin,true,,4915,341,1,1,252,0,1
1542376347420,287,[/service/] GetMap EPSG:3857 Zoom 12 Image/Format JPG,200,OK,Test 1-1,bin,true,,4915,339,1,1,287,0,1
1542376347718,177,[/service/] GetMap EPSG:3857 Zoom 13 Image/Format JPG,200,OK,Test 1-1,bin,true,,4915,339,1,1,174,0,2
1542376347905,236,[/service/] GetMap EPSG:3857 Zoom 14 Image/Format JPG,200,OK,Test 1-1,bin,true,,4915,340,1,1,236,0,1
1542376348143,41,[/service/] GetCapabilities KVP 1.3.0,200,OK,Test 1-1,text,true,,4945,179,1,1,40,0,1
1542376348219,740,[/service/] GetMap EPSG:3857 Zoom 0 Image/Format PNG,200,OK,Test 1-1,bin,true,,23641,339,1,1,732,0,2
1542376348970,810,[/service/] GetMap EPSG:3857 Zoom 1 Image/Format PNG,200,OK,Test 1-1,bin,true,,76838,342,1,1,798,0,2
1542376349791,1389,[/service/] GetMap EPSG:3857 Zoom 2 Image/Format PNG,200,OK,Test 1-1,bin,true,,98352,339,1,1,1374,0,2
1542376351192,580,[/service/] GetMap EPSG:3857 Zoom 3 Image/Format PNG,200,OK,Test 1-1,bin,true,,69492,335,1,1,569,0,1
1542376351784,357,[/service/] GetMap EPSG:3857 Zoom 4 Image/Format PNG,200,OK,Test 1-1,bin,true,,44089,339,1,1,346,0,2
1542376352153,415,[/service/] GetMap EPSG:3857 Zoom 5 Image/Format PNG,200,OK,Test 1-1,bin,true,,26108,338,1,1,415,0,1
1542376352580,315,[/service/] GetMap EPSG:3857 Zoom 6 Image/Format PNG,200,OK,Test 1-1,bin,true,,10776,340,1,1,315,0,1
1542376352907,239,[/service/] GetMap EPSG:3857 Zoom 7 Image/Format PNG,200,OK,Test 1-1,bin,true,,12060,338,1,1,230,0,1
1542376353156,259,[/service/] GetMap EPSG:3857 Zoom 8 Image/Format PNG,200,OK,Test 1-1,bin,true,,4667,340,1,1,250,0,2
1542376353427,199,[/service/] GetMap EPSG:3857 Zoom 9 Image/Format PNG,200,OK,Test 1-1,bin,true,,4352,338,1,1,199,0,1
1542376353638,229,[/service/] GetMap EPSG:3857 Zoom 10 Image/Format PNG,200,OK,Test 1-1,bin,true,,1305,338,1,1,228,0,1
1542376353877,215,[/service/] GetMap EPSG:3857 Zoom 11 Image/Format PNG,200,OK,Test 1-1,bin,true,,1305,342,1,1,215,0,1
1542376354103,283,[/service/] GetMap EPSG:3857 Zoom 12 Image/Format PNG,200,OK,Test 1-1,bin,true,,1371,340,1,1,283,0,2
1542376354398,185,[/service/] GetMap EPSG:3857 Zoom 13 Image/Format PNG,200,OK,Test 1-1,bin,true,,1305,340,1,1,185,0,2
1542376354594,256,[/service/] GetMap EPSG:3857 Zoom 14 Image/Format PNG,200,OK,Test 1-1,bin,true,,2768,337,1,1,256,0,1
1542376354860,612,[/service/] GetMap EPSG:3857 Zoom 0 Image/Format JPG,200,OK,Test 1-1,bin,true,,38418,340,1,1,602,0,1
1542376355483,779,[/service/] GetMap EPSG:3857 Zoom 1 Image/Format JPG,200,OK,Test 1-1,bin,true,,113392,339,1,1,764,0,2
1542376356273,1306,[/service/] GetMap EPSG:3857 Zoom 2 Image/Format JPG,200,OK,Test 1-1,bin,true,,158772,340,1,1,1280,0,2
1542376357589,854,[/service/] GetMap EPSG:3857 Zoom 3 Image/Format JPG,200,OK,Test 1-1,bin,true,,141712,338,1,1,838,0,2
1542376358456,518,[/service/] GetMap EPSG:3857 Zoom 4 Image/Format JPG,200,OK,Test 1-1,bin,true,,96207,342,1,1,503,0,1
1542376358983,388,[/service/] GetMap EPSG:3857 Zoom 5 Image/Format JPG,200,OK,Test 1-1,bin,true,,56753,339,1,1,388,0,2
1542376359383,347,[/service/] GetMap EPSG:3857 Zoom 6 Image/Format JPG,200,OK,Test 1-1,bin,true,,38724,339,1,1,337,0,1
1542376359741,340,[/service/] GetMap EPSG:3857 Zoom 7 Image/Format JPG,200,OK,Test 1-1,bin,true,,20705,339,1,1,340,0,1
1542376360090,199,[/service/] GetMap EPSG:3857 Zoom 8 Image/Format JPG,200,OK,Test 1-1,bin,true,,10679,341,1,1,199,0,2
1542376360299,211,[/service/] GetMap EPSG:3857 Zoom 9 Image/Format JPG,200,OK,Test 1-1,bin,true,,4915,339,1,1,209,0,1
1542376360520,148,[/service/] GetMap EPSG:3857 Zoom 10 Image/Format JPG,200,OK,Test 1-1,bin,true,,5924,339,1,1,148,0,1
1542376360678,144,[/service/] GetMap EPSG:3857 Zoom 11 Image/Format JPG,200,OK,Test 1-1,bin,true,,4915,341,1,1,144,0,2
1542376360832,249,[/service/] GetMap EPSG:3857 Zoom 12 Image/Format JPG,200,OK,Test 1-1,bin,true,,4915,340,1,1,248,0,2
1542376361090,241,[/service/] GetMap EPSG:3857 Zoom 13 Image/Format JPG,200,OK,Test 1-1,bin,true,,4915,338,1,1,241,0,2
1542376361341,264,[/service/] GetMap EPSG:3857 Zoom 14 Image/Format JPG,200,OK,Test 1-1,bin,true,,6621,339,1,1,264,0,2
1542376361606,32,[/service/] GetCapabilities KVP 1.3.0,200,OK,Test 1-1,text,true,,4945,179,1,1,32,0,2
1542376361671,698,[/service/] GetMap EPSG:3857 Zoom 0 Image/Format PNG,200,OK,Test 1-1,bin,true,,23651,341,1,1,689,0,1
1542376362379,887,[/service/] GetMap EPSG:3857 Zoom 1 Image/Format PNG,200,OK,Test 1-1,bin,true,,76797,339,1,1,872,0,2
1542376363275,1349,[/service/] GetMap EPSG:3857 Zoom 2 Image/Format PNG,200,OK,Test 1-1,bin,true,,99591,339,1,1,1335,0,2
1542376364634,819,[/service/] GetMap EPSG:3857 Zoom 3 Image/Format PNG,200,OK,Test 1-1,bin,true,,73613,339,1,1,807,0,1
1542376365462,465,[/service/] GetMap EPSG:3857 Zoom 4 Image/Format PNG,200,OK,Test 1-1,bin,true,,41422,339,1,1,454,0,2
1542376365936,224,[/service/] GetMap EPSG:3857 Zoom 5 Image/Format PNG,200,OK,Test 1-1,bin,true,,25141,340,1,1,214,0,1
1542376366170,226,[/service/] GetMap EPSG:3857 Zoom 6 Image/Format PNG,200,OK,Test 1-1,bin,true,,11184,338,1,1,218,0,2
1542376366407,186,[/service/] GetMap EPSG:3857 Zoom 7 Image/Format PNG,200,OK,Test 1-1,bin,true,,5449,336,1,1,186,0,2
1542376366602,279,[/service/] GetMap EPSG:3857 Zoom 8 Image/Format PNG,200,OK,Test 1-1,bin,true,,7078,338,1,1,271,0,2
1542376366891,230,[/service/] GetMap EPSG:3857 Zoom 9 Image/Format PNG,200,OK,Test 1-1,bin,true,,1305,340,1,1,230,0,1
1542376367130,164,[/service/] GetMap EPSG:3857 Zoom 10 Image/Format PNG,200,OK,Test 1-1,bin,true,,5331,338,1,1,156,0,2
1542376367304,210,[/service/] GetMap EPSG:3857 Zoom 11 Image/Format PNG,200,OK,Test 1-1,bin,true,,1305,340,1,1,210,0,1
1542376367523,362,[/service/] GetMap EPSG:3857 Zoom 12 Image/Format PNG,200,OK,Test 1-1,bin,true,,1305,340,1,1,362,0,2
1542376367894,201,[/service/] GetMap EPSG:3857 Zoom 13 Image/Format PNG,200,OK,Test 1-1,bin,true,,2166,340,1,1,201,0,1
1542376368104,224,[/service/] GetMap EPSG:3857 Zoom 14 Image/Format PNG,200,OK,Test 1-1,bin,true,,1305,337,1,1,224,0,2
1542376368337,694,[/service/] GetMap EPSG:3857 Zoom 0 Image/Format JPG,200,OK,Test 1-1,bin,true,,37526,340,1,1,683,0,1
1542376369040,733,[/service/] GetMap EPSG:3857 Zoom 1 Image/Format JPG,200,OK,Test 1-1,bin,true,,100550,341,1,1,719,0,2
1542376369782,1341,[/service/] GetMap EPSG:3857 Zoom 2 Image/Format JPG,200,OK,Test 1-1,bin,true,,159129,340,1,1,1312,0,2
1542376371132,667,[/service/] GetMap EPSG:3857 Zoom 3 Image/Format JPG,200,OK,Test 1-1,bin,true,,144829,340,1,1,650,0,2
1542376371808,499,[/service/] GetMap EPSG:3857 Zoom 4 Image/Format JPG,200,OK,Test 1-1,bin,true,,99490,340,1,1,485,0,1
1542376372317,249,[/service/] GetMap EPSG:3857 Zoom 5 Image/Format JPG,200,OK,Test 1-1,bin,true,,60296,340,1,1,238,0,1
1542376372576,329,[/service/] GetMap EPSG:3857 Zoom 6 Image/Format JPG,200,OK,Test 1-1,bin,true,,43661,335,1,1,317,0,2
1542376372914,276,[/service/] GetMap EPSG:3857 Zoom 7 Image/Format JPG,200,OK,Test 1-1,bin,true,,18879,337,1,1,268,0,1
1542376373200,247,[/service/] GetMap EPSG:3857 Zoom 8 Image/Format JPG,200,OK,Test 1-1,bin,true,,9704,341,1,1,238,0,1
1542376373461,225,[/service/] GetMap EPSG:3857 Zoom 9 Image/Format JPG,200,OK,Test 1-1,bin,true,,7988,341,1,1,218,0,1
1542376373697,249,[/service/] GetMap EPSG:3857 Zoom 10 Image/Format JPG,200,OK,Test 1-1,bin,true,,8562,341,1,1,240,0,1
1542376373955,245,[/service/] GetMap EPSG:3857 Zoom 11 Image/Format JPG,200,OK,Test 1-1,bin,true,,7461,340,1,1,245,0,1
1542376374210,196,[/service/] GetMap EPSG:3857 Zoom 12 Image/Format JPG,200,OK,Test 1-1,bin,true,,4915,338,1,1,193,0,1
1542376374415,185,[/service/] GetMap EPSG:3857 Zoom 13 Image/Format JPG,200,OK,Test 1-1,bin,true,,4915,340,1,1,184,0,1
1542376374608,171,[/service/] GetMap EPSG:3857 Zoom 14 Image/Format JPG,200,OK,Test 1-1,bin,true,,4915,341,1,1,169,0,2
1542376374780,30,[/service/] GetCapabilities KVP 1.3.0,200,OK,Test 1-1,text,true,,4945,179,1,1,29,0,2
1542376374840,637,[/service/] GetMap EPSG:3857 Zoom 0 Image/Format PNG,200,OK,Test 1-1,bin,true,,23696,339,1,1,627,0,1
1542376375486,759,[/service/] GetMap EPSG:3857 Zoom 1 Image/Format PNG,200,OK,Test 1-1,bin,true,,77693,339,1,1,747,0,1
1542376376255,1513,[/service/] GetMap EPSG:3857 Zoom 2 Image/Format PNG,200,OK,Test 1-1,bin,true,,98750,337,1,1,1498,0,1
1542376377777,591,[/service/] GetMap EPSG:3857 Zoom 3 Image/Format PNG,200,OK,Test 1-1,bin,true,,73462,339,1,1,578,0,1
1542376378377,458,[/service/] GetMap EPSG:3857 Zoom 4 Image/Format PNG,200,OK,Test 1-1,bin,true,,38985,340,1,1,450,0,2
1542376378843,376,[/service/] GetMap EPSG:3857 Zoom 5 Image/Format PNG,200,OK,Test 1-1,bin,true,,32110,340,1,1,366,0,2
1542376379229,334,[/service/] GetMap EPSG:3857 Zoom 6 Image/Format PNG,200,OK,Test 1-1,bin,true,,12366,338,1,1,326,0,1
1542376379572,229,[/service/] GetMap EPSG:3857 Zoom 7 Image/Format PNG,200,OK,Test 1-1,bin,true,,9382,340,1,1,223,0,1
1542376379812,260,[/service/] GetMap EPSG:3857 Zoom 8 Image/Format PNG,200,OK,Test 1-1,bin,true,,3403,340,1,1,260,0,1
1542376380081,196,[/service/] GetMap EPSG:3857 Zoom 9 Image/Format PNG,200,OK,Test 1-1,bin,true,,3449,340,1,1,189,0,1
1542376380286,230,[/service/] GetMap EPSG:3857 Zoom 10 Image/Format PNG,200,OK,Test 1-1,bin,true,,4467,338,1,1,230,0,2
1542376380525,195,[/service/] GetMap EPSG:3857 Zoom 11 Image/Format PNG,200,OK,Test 1-1,bin,true,,1305,340,1,1,195,0,1
1542376380730,204,[/service/] GetMap EPSG:3857 Zoom 12 Image/Format PNG,200,OK,Test 1-1,bin,true,,1305,337,1,1,204,0,2
1542376380943,157,[/service/] GetMap EPSG:3857 Zoom 13 Image/Format PNG,200,OK,Test 1-1,bin,true,,1305,339,1,1,157,0,2
1542376381109,127,[/service/] GetMap EPSG:3857 Zoom 14 Image/Format PNG,200,OK,Test 1-1,bin,true,,1305,338,1,1,127,0,2
1542376381248,642,[/service/] GetMap EPSG:3857 Zoom 0 Image/Format JPG,200,OK,Test 1-1,bin,true,,37550,342,1,1,631,0,2
1542376381899,746,[/service/] GetMap EPSG:3857 Zoom 1 Image/Format JPG,200,OK,Test 1-1,bin,true,,125531,340,1,1,729,0,1
1542376382654,1012,[/service/] GetMap EPSG:3857 Zoom 2 Image/Format JPG,200,OK,Test 1-1,bin,true,,159158,340,1,1,993,0,1
1542376383676,883,[/service/] GetMap EPSG:3857 Zoom 3 Image/Format JPG,200,OK,Test 1-1,bin,true,,137834,341,1,1,865,0,2
1542376384568,666,[/service/] GetMap EPSG:3857 Zoom 4 Image/Format JPG,200,OK,Test 1-1,bin,true,,103283,340,1,1,646,0,1
1542376385243,365,[/service/] GetMap EPSG:3857 Zoom 5 Image/Format JPG,200,OK,Test 1-1,bin,true,,60373,338,1,1,353,0,1
1542376385616,234,[/service/] GetMap EPSG:3857 Zoom 6 Image/Format JPG,200,OK,Test 1-1,bin,true,,25158,341,1,1,225,0,2
1542376385860,294,[/service/] GetMap EPSG:3857 Zoom 7 Image/Format JPG,200,OK,Test 1-1,bin,true,,20604,339,1,1,286,0,1
1542376386163,280,[/service/] GetMap EPSG:3857 Zoom 8 Image/Format JPG,200,OK,Test 1-1,bin,true,,12826,341,1,1,280,0,2
1542376386454,164,[/service/] GetMap EPSG:3857 Zoom 9 Image/Format JPG,200,OK,Test 1-1,bin,true,,8318,340,1,1,164,0,1
1542376386628,196,[/service/] GetMap EPSG:3857 Zoom 10 Image/Format JPG,200,OK,Test 1-1,bin,true,,8495,341,1,1,189,0,1
1542376386833,175,[/service/] GetMap EPSG:3857 Zoom 11 Image/Format JPG,200,OK,Test 1-1,bin,true,,4915,341,1,1,175,0,2
1542376387018,429,[/service/] GetMap EPSG:3857 Zoom 12 Image/Format JPG,200,OK,Test 1-1,bin,true,,6284,339,1,1,429,0,2
1542376387458,296,[/service/] GetMap EPSG:3857 Zoom 13 Image/Format JPG,200,OK,Test 1-1,bin,true,,4915,339,1,1,296,0,2
1542376387767,283,[/service/] GetMap EPSG:3857 Zoom 14 Image/Format JPG,200,OK,Test 1-1,bin,true,,4915,338,1,1,281,0,2
1542376388052,43,[/service/] GetCapabilities KVP 1.3.0,200,OK,Test 1-1,text,true,,4945,179,1,1,41,0,1
1542376388124,1115,[/service/] GetMap EPSG:3857 Zoom 0 Image/Format PNG,200,OK,Test 1-1,bin,true,,23700,340,1,1,1104,0,2
1542376389249,1011,[/service/] GetMap EPSG:3857 Zoom 1 Image/Format PNG,200,OK,Test 1-1,bin,true,,79991,337,1,1,999,0,1
1542376390270,1230,[/service/] GetMap EPSG:3857 Zoom 2 Image/Format PNG,200,OK,Test 1-1,bin,true,,99766,339,1,1,1214,0,1
1542376391509,475,[/service/] GetMap EPSG:3857 Zoom 3 Image/Format PNG,200,OK,Test 1-1,bin,true,,77360,339,1,1,462,0,1
1542376391996,681,[/service/] GetMap EPSG:3857 Zoom 4 Image/Format PNG,200,OK,Test 1-1,bin,true,,49986,339,1,1,669,0,1
1542376392686,530,[/service/] GetMap EPSG:3857 Zoom 5 Image/Format PNG,200,OK,Test 1-1,bin,true,,24071,340,1,1,521,0,1
1542376393226,309,[/service/] GetMap EPSG:3857 Zoom 6 Image/Format PNG,200,OK,Test 1-1,bin,true,,15781,340,1,1,301,0,1
1542376393543,336,[/service/] GetMap EPSG:3857 Zoom 7 Image/Format PNG,200,OK,Test 1-1,bin,true,,5917,339,1,1,328,0,1
1542376393888,384,[/service/] GetMap EPSG:3857 Zoom 8 Image/Format PNG,200,OK,Test 1-1,bin,true,,3297,342,1,1,377,0,2
1542376394285,318,[/service/] GetMap EPSG:3857 Zoom 9 Image/Format PNG,200,OK,Test 1-1,bin,true,,5105,338,1,1,318,0,1
1542376394612,241,[/service/] GetMap EPSG:3857 Zoom 10 Image/Format PNG,200,OK,Test 1-1,bin,true,,1305,338,1,1,241,0,2
1542376394861,266,[/service/] GetMap EPSG:3857 Zoom 11 Image/Format PNG,200,OK,Test 1-1,bin,true,,4093,338,1,1,266,0,2
1542376395136,291,[/service/] GetMap EPSG:3857 Zoom 12 Image/Format PNG,200,OK,Test 1-1,bin,true,,1305,338,1,1,290,0,2
1542376395438,235,[/service/] GetMap EPSG:3857 Zoom 13 Image/Format PNG,200,OK,Test 1-1,bin,true,,1305,341,1,1,235,0,1
1542376395682,282,[/service/] GetMap EPSG:3857 Zoom 14 Image/Format PNG,200,OK,Test 1-1,bin,true,,1305,341,1,1,282,0,2
1542376395974,850,[/service/] GetMap EPSG:3857 Zoom 0 Image/Format JPG,200,OK,Test 1-1,bin,true,,38150,341,1,1,840,0,1
1542376396834,772,[/service/] GetMap EPSG:3857 Zoom 1 Image/Format JPG,200,OK,Test 1-1,bin,true,,124464,340,1,1,752,0,1
1542376397616,1478,[/service/] GetMap EPSG:3857 Zoom 2 Image/Format JPG,200,OK,Test 1-1,bin,true,,158259,338,1,1,1458,0,1
1542376399105,969,[/service/] GetMap EPSG:3857 Zoom 3 Image/Format JPG,200,OK,Test 1-1,bin,true,,141384,340,1,1,944,0,1
1542376400084,536,[/service/] GetMap EPSG:3857 Zoom 4 Image/Format JPG,200,OK,Test 1-1,bin,true,,97113,340,1,1,516,0,1
1542376400630,369,[/service/] GetMap EPSG:3857 Zoom 5 Image/Format JPG,200,OK,Test 1-1,bin,true,,51690,339,1,1,368,0,1
1542376401009,218,[/service/] GetMap EPSG:3857 Zoom 6 Image/Format JPG,200,OK,Test 1-1,bin,true,,28811,341,1,1,207,0,2
1542376401237,285,[/service/] GetMap EPSG:3857 Zoom 7 Image/Format JPG,200,OK,Test 1-1,bin,true,,17133,339,1,1,276,0,1
1542376401531,213,[/service/] GetMap EPSG:3857 Zoom 8 Image/Format JPG,200,OK,Test 1-1,bin,true,,12546,341,1,1,213,0,2
1542376401757,195,[/service/] GetMap EPSG:3857 Zoom 9 Image/Format JPG,200,OK,Test 1-1,bin,true,,5738,341,1,1,187,0,1
1542376401962,220,[/service/] GetMap EPSG:3857 Zoom 10 Image/Format JPG,200,OK,Test 1-1,bin,true,,10825,341,1,1,211,0,1
1542376402192,181,[/service/] GetMap EPSG:3857 Zoom 11 Image/Format JPG,200,OK,Test 1-1,bin,true,,4915,341,1,1,178,0,2
1542376402384,359,[/service/] GetMap EPSG:3857 Zoom 12 Image/Format JPG,200,OK,Test 1-1,bin,true,,8418,339,1,1,349,0,1
1542376402753,269,[/service/] GetMap EPSG:3857 Zoom 13 Image/Format JPG,200,OK,Test 1-1,bin,true,,4915,342,1,1,269,0,1
1542376403032,137,[/service/] GetMap EPSG:3857 Zoom 14 Image/Format JPG,200,OK,Test 1-1,bin,true,,4915,339,1,1,137,0,2
1542376403170,30,[/service/] GetCapabilities KVP 1.3.0,200,OK,Test 1-1,text,true,,4945,179,1,1,29,0,1
1542376403233,633,[/service/] GetMap EPSG:3857 Zoom 0 Image/Format PNG,200,OK,Test 1-1,bin,true,,23706,338,1,1,622,0,1
1542376403876,781,[/service/] GetMap EPSG:3857 Zoom 1 Image/Format PNG,200,OK,Test 1-1,bin,true,,74058,339,1,1,761,0,1
1542376404666,1227,[/service/] GetMap EPSG:3857 Zoom 2 Image/Format PNG,200,OK,Test 1-1,bin,true,,96276,339,1,1,1211,0,2
1542376405903,876,[/service/] GetMap EPSG:3857 Zoom 3 Image/Format PNG,200,OK,Test 1-1,bin,true,,71221,339,1,1,845,0,2
1542376406789,584,[/service/] GetMap EPSG:3857 Zoom 4 Image/Format PNG,200,OK,Test 1-1,bin,true,,47075,336,1,1,573,0,2
1542376407383,286,[/service/] GetMap EPSG:3857 Zoom 5 Image/Format PNG,200,OK,Test 1-1,bin,true,,24057,339,1,1,277,0,1
1542376407679,287,[/service/] GetMap EPSG:3857 Zoom 6 Image/Format PNG,200,OK,Test 1-1,bin,true,,13066,338,1,1,278,0,1
1542376407976,168,[/service/] GetMap EPSG:3857 Zoom 7 Image/Format PNG,200,OK,Test 1-1,bin,true,,4008,338,1,1,168,0,2
1542376408153,255,[/service/] GetMap EPSG:3857 Zoom 8 Image/Format PNG,200,OK,Test 1-1,bin,true,,3609,340,1,1,255,0,2
1542376408419,277,[/service/] GetMap EPSG:3857 Zoom 9 Image/Format PNG,200,OK,Test 1-1,bin,true,,3664,340,1,1,277,0,1
1542376408708,228,[/service/] GetMap EPSG:3857 Zoom 10 Image/Format PNG,200,OK,Test 1-1,bin,true,,1305,340,1,1,228,0,1
1542376408947,210,[/service/] GetMap EPSG:3857 Zoom 11 Image/Format PNG,200,OK,Test 1-1,bin,true,,1305,340,1,1,210,0,1
1542376409168,197,[/service/] GetMap EPSG:3857 Zoom 12 Image/Format PNG,200,OK,Test 1-1,bin,true,,1305,339,1,1,197,0,1
1542376409376,211,[/service/] GetMap EPSG:3857 Zoom 13 Image/Format PNG,200,OK,Test 1-1,bin,true,,1305,339,1,1,211,0,1
1542376409598,179,[/service/] GetMap EPSG:3857 Zoom 14 Image/Format PNG,200,OK,Test 1-1,bin,true,,1305,340,1,1,179,0,1
1542376409789,650,[/service/] GetMap EPSG:3857 Zoom 0 Image/Format JPG,200,OK,Test 1-1,bin,true,,37906,342,1,1,637,0,1
1542376410449,745,[/service/] GetMap EPSG:3857 Zoom 1 Image/Format JPG,200,OK,Test 1-1,bin,true,,113174,340,1,1,728,0,1
1542376411204,1422,[/service/] GetMap EPSG:3857 Zoom 2 Image/Format JPG,200,OK,Test 1-1,bin,true,,157303,342,1,1,1404,0,1
1542376412637,939,[/service/] GetMap EPSG:3857 Zoom 3 Image/Format JPG,200,OK,Test 1-1,bin,true,,145180,339,1,1,921,0,1
1542376413585,783,[/service/] GetMap EPSG:3857 Zoom 4 Image/Format JPG,200,OK,Test 1-1,bin,true,,92347,341,1,1,764,0,1
1542376414377,504,[/service/] GetMap EPSG:3857 Zoom 5 Image/Format JPG,200,OK,Test 1-1,bin,true,,56916,339,1,1,504,0,2
1542376414891,284,[/service/] GetMap EPSG:3857 Zoom 6 Image/Format JPG,200,OK,Test 1-1,bin,true,,28544,340,1,1,275,0,2
1542376415184,301,[/service/] GetMap EPSG:3857 Zoom 7 Image/Format JPG,200,OK,Test 1-1,bin,true,,14932,341,1,1,292,0,2
1542376415496,230,[/service/] GetMap EPSG:3857 Zoom 8 Image/Format JPG,200,OK,Test 1-1,bin,true,,15098,341,1,1,222,0,1
1542376415736,306,[/service/] GetMap EPSG:3857 Zoom 9 Image/Format JPG,200,OK,Test 1-1,bin,true,,8283,340,1,1,306,0,1
1542376416055,244,[/service/] GetMap EPSG:3857 Zoom 10 Image/Format JPG,200,OK,Test 1-1,bin,true,,7416,339,1,1,236,0,1
1542376416310,280,[/service/] GetMap EPSG:3857 Zoom 11 Image/Format JPG,200,OK,Test 1-1,bin,true,,4915,338,1,1,278,0,1
1542376416601,195,[/service/] GetMap EPSG:3857 Zoom 12 Image/Format JPG,200,OK,Test 1-1,bin,true,,4915,342,1,1,195,0,1
1542376416807,197,[/service/] GetMap EPSG:3857 Zoom 13 Image/Format JPG,200,OK,Test 1-1,bin,true,,4915,340,1,1,197,0,2
1542376417016,316,[/service/] GetMap EPSG:3857 Zoom 14 Image/Format JPG,200,OK,Test 1-1,bin,true,,4915,339,1,1,315,0,2
1542376417333,33,[/service/] GetCapabilities KVP 1.3.0,200,OK,Test 1-1,text,true,,4945,179,1,1,32,0,1
1542376417400,723,[/service/] GetMap EPSG:3857 Zoom 0 Image/Format PNG,200,OK,Test 1-1,bin,true,,23692,341,1,1,712,0,1
1542376418132,778,[/service/] GetMap EPSG:3857 Zoom 1 Image/Format PNG,200,OK,Test 1-1,bin,true,,81005,336,1,1,757,0,2
1542376418920,1305,[/service/] GetMap EPSG:3857 Zoom 2 Image/Format PNG,200,OK,Test 1-1,bin,true,,97619,339,1,1,1304,0,2
1542376420236,834,[/service/] GetMap EPSG:3857 Zoom 3 Image/Format PNG,200,OK,Test 1-1,bin,true,,67775,340,1,1,822,0,2
1542376421080,483,[/service/] GetMap EPSG:3857 Zoom 4 Image/Format PNG,200,OK,Test 1-1,bin,true,,46103,339,1,1,471,0,2
1542376421575,249,[/service/] GetMap EPSG:3857 Zoom 5 Image/Format PNG,200,OK,Test 1-1,bin,true,,21221,340,1,1,239,0,2
1542376421834,294,[/service/] GetMap EPSG:3857 Zoom 6 Image/Format PNG,200,OK,Test 1-1,bin,true,,11340,336,1,1,286,0,2
1542376422138,380,[/service/] GetMap EPSG:3857 Zoom 7 Image/Format PNG,200,OK,Test 1-1,bin,true,,8446,340,1,1,371,0,2
1542376422528,249,[/service/] GetMap EPSG:3857 Zoom 8 Image/Format PNG,200,OK,Test 1-1,bin,true,,2375,342,1,1,248,0,1
1542376422786,255,[/service/] GetMap EPSG:3857 Zoom 9 Image/Format PNG,200,OK,Test 1-1,bin,true,,2288,340,1,1,255,0,2
1542376423054,187,[/service/] GetMap EPSG:3857 Zoom 10 Image/Format PNG,200,OK,Test 1-1,bin,true,,2574,338,1,1,187,0,2
1542376423252,205,[/service/] GetMap EPSG:3857 Zoom 11 Image/Format PNG,200,OK,Test 1-1,bin,true,,1350,340,1,1,205,0,1
1542376423467,185,[/service/] GetMap EPSG:3857 Zoom 12 Image/Format PNG,200,OK,Test 1-1,bin,true,,1305,340,1,1,185,0,1
1542376423664,183,[/service/] GetMap EPSG:3857 Zoom 13 Image/Format PNG,200,OK,Test 1-1,bin,true,,1305,340,1,1,183,0,1
1542376423858,249,[/service/] GetMap EPSG:3857 Zoom 14 Image/Format PNG,200,OK,Test 1-1,bin,true,,2762,340,1,1,249,0,1
1542376424117,639,[/service/] GetMap EPSG:3857 Zoom 0 Image/Format JPG,200,OK,Test 1-1,bin,true,,38282,342,1,1,628,0,1
1542376424766,749,[/service/] GetMap EPSG:3857 Zoom 1 Image/Format JPG,200,OK,Test 1-1,bin,true,,124702,340,1,1,730,0,2
1542376425524,1099,[/service/] GetMap EPSG:3857 Zoom 2 Image/Format JPG,200,OK,Test 1-1,bin,true,,160398,340,1,1,1098,0,2
1542376426633,696,[/service/] GetMap EPSG:3857 Zoom 3 Image/Format JPG,200,OK,Test 1-1,bin,true,,142738,340,1,1,677,0,2
1542376427341,407,[/service/] GetMap EPSG:3857 Zoom 4 Image/Format JPG,200,OK,Test 1-1,bin,true,,102144,341,1,1,389,0,1
1542376427758,257,[/service/] GetMap EPSG:3857 Zoom 5 Image/Format JPG,200,OK,Test 1-1,bin,true,,65434,336,1,1,238,0,2
1542376428025,231,[/service/] GetMap EPSG:3857 Zoom 6 Image/Format JPG,200,OK,Test 1-1,bin,true,,44723,339,1,1,221,0,2
1542376428267,272,[/service/] GetMap EPSG:3857 Zoom 7 Image/Format JPG,200,OK,Test 1-1,bin,true,,20793,341,1,1,263,0,2
1542376428550,252,[/service/] GetMap EPSG:3857 Zoom 8 Image/Format JPG,200,OK,Test 1-1,bin,true,,11377,339,1,1,243,0,2
1542376428813,179,[/service/] GetMap EPSG:3857 Zoom 9 Image/Format JPG,200,OK,Test 1-1,bin,true,,4915,343,1,1,179,0,1
1542376429003,214,[/service/] GetMap EPSG:3857 Zoom 10 Image/Format JPG,200,OK,Test 1-1,bin,true,,7515,341,1,1,214,0,1
1542376429227,276,[/service/] GetMap EPSG:3857 Zoom 11 Image/Format JPG,200,OK,Test 1-1,bin,true,,7097,341,1,1,276,0,1
1542376429514,197,[/service/] GetMap EPSG:3857 Zoom 12 Image/Format JPG,200,OK,Test 1-1,bin,true,,8243,341,1,1,197,0,1
1542376429721,301,[/service/] GetMap EPSG:3857 Zoom 13 Image/Format JPG,200,OK,Test 1-1,bin,true,,4915,340,1,1,298,0,1
1542376430032,187,[/service/] GetMap EPSG:3857 Zoom 14 Image/Format JPG,200,OK,Test 1-1,bin,true,,4915,340,1,1,186,0,1
1542376430220,36,[/service/] GetCapabilities KVP 1.3.0,200,OK,Test 1-1,text,true,,4945,179,1,1,36,0,1
1542376430287,674,[/service/] GetMap EPSG:3857 Zoom 0 Image/Format PNG,200,OK,Test 1-1,bin,true,,23651,337,1,1,663,0,1
1542376430971,753,[/service/] GetMap EPSG:3857 Zoom 1 Image/Format PNG,200,OK,Test 1-1,bin,true,,76779,340,1,1,737,0,1
1542376431733,1304,[/service/] GetMap EPSG:3857 Zoom 2 Image/Format PNG,200,OK,Test 1-1,bin,true,,98852,339,1,1,1303,0,2
1542376433047,561,[/service/] GetMap EPSG:3857 Zoom 3 Image/Format PNG,200,OK,Test 1-1,bin,true,,70637,337,1,1,548,0,2
1542376433617,539,[/service/] GetMap EPSG:3857 Zoom 4 Image/Format PNG,200,OK,Test 1-1,bin,true,,42279,337,1,1,528,0,1
1542376434165,410,[/service/] GetMap EPSG:3857 Zoom 5 Image/Format PNG,200,OK,Test 1-1,bin,true,,34181,338,1,1,399,0,2
1542376434585,166,[/service/] GetMap EPSG:3857 Zoom 6 Image/Format PNG,200,OK,Test 1-1,bin,true,,11109,338,1,1,166,0,1
1542376434760,213,[/service/] GetMap EPSG:3857 Zoom 7 Image/Format PNG,200,OK,Test 1-1,bin,true,,6583,337,1,1,205,0,2
1542376434983,284,[/service/] GetMap EPSG:3857 Zoom 8 Image/Format PNG,200,OK,Test 1-1,bin,true,,3638,338,1,1,284,0,2
1542376435277,295,[/service/] GetMap EPSG:3857 Zoom 9 Image/Format PNG,200,OK,Test 1-1,bin,true,,3806,338,1,1,287,0,1
1542376435582,174,[/service/] GetMap EPSG:3857 Zoom 10 Image/Format PNG,200,OK,Test 1-1,bin,true,,2003,340,1,1,167,0,1
1542376435767,249,[/service/] GetMap EPSG:3857 Zoom 11 Image/Format PNG,200,OK,Test 1-1,bin,true,,1305,336,1,1,249,0,2
1542376436027,275,[/service/] GetMap EPSG:3857 Zoom 12 Image/Format PNG,200,OK,Test 1-1,bin,true,,1305,340,1,1,275,0,1
1542376436314,203,[/service/] GetMap EPSG:3857 Zoom 13 Image/Format PNG,200,OK,Test 1-1,bin,true,,1305,339,1,1,202,0,1
1542376436528,180,[/service/] GetMap EPSG:3857 Zoom 14 Image/Format PNG,200,OK,Test 1-1,bin,true,,1305,337,1,1,180,0,1
1542376436718,738,[/service/] GetMap EPSG:3857 Zoom 0 Image/Format JPG,200,OK,Test 1-1,bin,true,,38532,342,1,1,726,0,2
1542376437467,722,[/service/] GetMap EPSG:3857 Zoom 1 Image/Format JPG,200,OK,Test 1-1,bin,true,,140353,336,1,1,721,0,2
1542376438198,918,[/service/] GetMap EPSG:3857 Zoom 2 Image/Format JPG,200,OK,Test 1-1,bin,true,,156217,339,1,1,898,0,1
1542376439133,646,[/service/] GetMap EPSG:3857 Zoom 3 Image/Format JPG,200,OK,Test 1-1,bin,true,,144831,342,1,1,623,0,2
1542376439791,646,[/service/] GetMap EPSG:3857 Zoom 4 Image/Format JPG,200,OK,Test 1-1,bin,true,,106244,339,1,1,622,0,2
1542376440450,429,[/service/] GetMap EPSG:3857 Zoom 5 Image/Format JPG,200,OK,Test 1-1,bin,true,,62941,338,1,1,416,0,1
1542376440891,321,[/service/] GetMap EPSG:3857 Zoom 6 Image/Format JPG,200,OK,Test 1-1,bin,true,,31717,341,1,1,312,0,2
1542376441223,276,[/service/] GetMap EPSG:3857 Zoom 7 Image/Format JPG,200,OK,Test 1-1,bin,true,,18985,341,1,1,247,0,1
1542376441511,281,[/service/] GetMap EPSG:3857 Zoom 8 Image/Format JPG,200,OK,Test 1-1,bin,true,,13579,339,1,1,272,0,1
1542376441802,223,[/service/] GetMap EPSG:3857 Zoom 9 Image/Format JPG,200,OK,Test 1-1,bin,true,,12602,341,1,1,223,0,1
1542376442036,141,[/service/] GetMap EPSG:3857 Zoom 10 Image/Format JPG,200,OK,Test 1-1,bin,true,,4915,339,1,1,141,0,1
1542376442188,206,[/service/] GetMap EPSG:3857 Zoom 11 Image/Format JPG,200,OK,Test 1-1,bin,true,,6188,337,1,1,206,0,1
1542376442411,230,[/service/] GetMap EPSG:3857 Zoom 12 Image/Format JPG,200,OK,Test 1-1,bin,true,,4915,341,1,1,230,0,2
1542376442652,194,[/service/] GetMap EPSG:3857 Zoom 13 Image/Format JPG,200,OK,Test 1-1,bin,true,,4915,339,1,1,193,0,2
1542376442860,165,[/service/] GetMap EPSG:3857 Zoom 14 Image/Format JPG,200,OK,Test 1-1,bin,true,,4915,340,1,1,165,0,1
